{
    "accuracy": 0.6890243902439024,
    "precision": 0.6515151515151515,
    "recall": 0.3524590163934426,
    "f1 score": 0.4574468085106383
}
